{"cameraMode":{"drawMode":0,"name":"Shaded","section":"Shading Mode"},"sceneLighting":false,"audioPlay":false,"sceneViewState":{"showFog":true,"showMaterialUpdate":true,"showSkybox":false,"showFlares":true,"showImageEffects":true,"showParticleSystems":true},"in2DMode":false,"pivot":{"x":0.024997517466545106,"y":0.7839614152908325,"z":-0.5267871022224426},"rotation":{"x":-0.39540934562683108,"y":-0.10353639721870423,"z":0.044986121356487277,"w":-0.9117578268051148},"size":1.3985884189605713,"orthographic":false}