{"cameraMode":{"drawMode":0,"name":"Shaded","section":"Shading Mode"},"sceneLighting":false,"audioPlay":false,"sceneViewState":{"showFog":false,"showMaterialUpdate":false,"showSkybox":false,"showFlares":false,"showImageEffects":false,"showParticleSystems":false},"in2DMode":false,"pivot":{"x":-0.029253005981445314,"y":0.24601781368255616,"z":-0.013951420783996582},"rotation":{"x":0.41607096791267397,"y":0.5442169308662415,"z":-0.35687828063964846,"w":0.6357320547103882},"size":7.942915439605713,"orthographic":true}