{"cameraMode":{"drawMode":0,"name":"Shaded","section":"Shading Mode"},"sceneLighting":false,"audioPlay":false,"sceneViewState":{"showFog":true,"showMaterialUpdate":true,"showSkybox":false,"showFlares":true,"showImageEffects":true,"showParticleSystems":true},"in2DMode":false,"pivot":{"x":0.5099999904632568,"y":6.119999885559082,"z":0.0},"rotation":{"x":0.2328662872314453,"y":0.46678808331489565,"z":-0.12888886034488679,"w":0.8433932662010193},"size":19.161645889282228,"orthographic":true}