{"cameraMode":{"drawMode":0,"name":"Shaded","section":"Shading Mode"},"sceneLighting":false,"audioPlay":false,"sceneViewState":{"showFog":true,"showMaterialUpdate":false,"showSkybox":false,"showFlares":true,"showImageEffects":true,"showParticleSystems":true},"in2DMode":false,"pivot":{"x":244.92886352539063,"y":-0.057464599609375,"z":-14.8480224609375},"rotation":{"x":-0.07903546839952469,"y":-0.058088451623916629,"z":0.004189293831586838,"w":-0.9954010844230652},"size":783.7632446289063,"orthographic":false}