{"cameraMode":{"drawMode":0,"name":"Shaded","section":"Shading Mode"},"sceneLighting":false,"audioPlay":false,"sceneViewState":{"showFog":true,"showMaterialUpdate":false,"showSkybox":true,"showFlares":true,"showImageEffects":true,"showParticleSystems":true},"in2DMode":false,"pivot":{"x":-0.37714052200317385,"y":0.4921748638153076,"z":-0.12809157371520997},"rotation":{"x":-0.03199893981218338,"y":0.9654108285903931,"z":-0.14784039556980134,"w":-0.21347926557064057},"size":4.020624160766602,"orthographic":false}