{"cameraMode":{"drawMode":0,"name":"Shaded","section":"Shading Mode"},"sceneLighting":false,"audioPlay":false,"sceneViewState":{"showFog":true,"showMaterialUpdate":false,"showSkybox":true,"showFlares":true,"showImageEffects":true,"showParticleSystems":true},"in2DMode":false,"pivot":{"x":1.8154202699661255,"y":0.7892811298370361,"z":-4.062290668487549},"rotation":{"x":-0.005457408260554075,"y":0.9250851273536682,"z":-0.015284424647688866,"w":-0.37997889518737795},"size":5.718057155609131,"orthographic":false}