{"cameraMode":{"drawMode":0,"name":"Shaded","section":"Shading Mode"},"sceneLighting":false,"audioPlay":false,"sceneViewState":{"showFog":true,"showMaterialUpdate":false,"showSkybox":true,"showFlares":true,"showImageEffects":true,"showParticleSystems":true},"in2DMode":false,"pivot":{"x":1.974117398262024,"y":0.23500001430511475,"z":4.768044471740723},"rotation":{"x":-0.06763028353452683,"y":-0.3596147298812866,"z":0.0254612285643816,"w":-0.9305295348167419},"size":10.672282218933106,"orthographic":false}