{"cameraMode":{"drawMode":0,"name":"Shaded","section":"Shading Mode"},"sceneLighting":false,"audioPlay":false,"sceneViewState":{"showFog":true,"showMaterialUpdate":false,"showSkybox":true,"showFlares":true,"showImageEffects":true,"showParticleSystems":true},"in2DMode":false,"pivot":{"x":0.3112297058105469,"y":-1.8408477306365967,"z":1.6594138145446778},"rotation":{"x":0.12399458885192871,"y":-0.6244697570800781,"z":0.10132843255996704,"w":0.7645804286003113},"size":5.856168746948242,"orthographic":false}