{"cameraMode":{"drawMode":0,"name":"Shaded","section":"Shading Mode"},"sceneLighting":false,"audioPlay":false,"sceneViewState":{"showFog":true,"showMaterialUpdate":true,"showSkybox":false,"showFlares":true,"showImageEffects":true,"showParticleSystems":true},"in2DMode":false,"pivot":{"x":-0.02035391330718994,"y":1.1328305006027222,"z":-0.03862309455871582},"rotation":{"x":-0.02616831287741661,"y":0.9882557392120361,"z":-0.12165375053882599,"w":-0.10365654528141022},"size":4.524113655090332,"orthographic":true}