{"cameraMode":{"drawMode":0,"name":"Shaded","section":"Shading Mode"},"sceneLighting":false,"audioPlay":false,"sceneViewState":{"showFog":true,"showMaterialUpdate":false,"showSkybox":true,"showFlares":true,"showImageEffects":true,"showParticleSystems":true},"in2DMode":false,"pivot":{"x":596.602294921875,"y":306.4643859863281,"z":-14.7010498046875},"rotation":{"x":-0.006309164687991142,"y":-0.005716782063245773,"z":0.000006300273980741622,"w":-1.0000348091125489},"size":942.7095947265625,"orthographic":false}