{"cameraMode":{"drawMode":0,"name":"Shaded","section":"Shading Mode"},"sceneLighting":false,"audioPlay":false,"sceneViewState":{"showFog":true,"showMaterialUpdate":false,"showSkybox":true,"showFlares":true,"showImageEffects":true,"showParticleSystems":true},"in2DMode":false,"pivot":{"x":1.6521024703979493,"y":-0.18155866861343385,"z":1.6673789024353028},"rotation":{"x":-0.09219948202371597,"y":-0.7799735069274902,"z":0.1180257499217987,"w":-0.6078944802284241},"size":3.2049665451049806,"orthographic":false}