{"cameraMode":{"drawMode":0,"name":"Shaded","section":"Shading Mode"},"sceneLighting":false,"audioPlay":false,"sceneViewState":{"showFog":false,"showMaterialUpdate":false,"showSkybox":false,"showFlares":false,"showImageEffects":false,"showParticleSystems":false},"in2DMode":false,"pivot":{"x":-8.734000205993653,"y":2.697999954223633,"z":-8.123987197875977},"rotation":{"x":0.007152822334319353,"y":0.9834230542182922,"z":-0.17744046449661256,"w":0.03984886035323143},"size":1.1027677059173585,"orthographic":false}