{"cameraMode":{"drawMode":0,"name":"Shaded","section":"Shading Mode"},"sceneLighting":false,"audioPlay":false,"sceneViewState":{"showFog":true,"showMaterialUpdate":false,"showSkybox":true,"showFlares":true,"showImageEffects":true,"showParticleSystems":true},"in2DMode":false,"pivot":{"x":-3.9115216732025148,"y":-1.1580579280853272,"z":-10.44456672668457},"rotation":{"x":-0.1751340627670288,"y":0.64658123254776,"z":-0.15690408647060395,"w":-0.7260006070137024},"size":7.8967108726501469,"orthographic":false}