{"cameraMode":{"drawMode":0,"name":"Shaded","section":"Shading Mode"},"sceneLighting":false,"audioPlay":false,"sceneViewState":{"showFog":true,"showMaterialUpdate":true,"showSkybox":false,"showFlares":true,"showImageEffects":true,"showParticleSystems":true},"in2DMode":false,"pivot":{"x":24.100000381469728,"y":15.699996948242188,"z":11.399999618530274},"rotation":{"x":0.2460046410560608,"y":0.6869077682495117,"z":-0.26871737837791445,"w":0.6288413405418396},"size":30.12065315246582,"orthographic":true}