{"cameraMode":{"drawMode":0,"name":"Shaded","section":"Shading Mode"},"sceneLighting":false,"audioPlay":false,"sceneViewState":{"showFog":true,"showMaterialUpdate":true,"showSkybox":false,"showFlares":true,"showImageEffects":true,"showParticleSystems":true},"in2DMode":false,"pivot":{"x":-0.01017695665359497,"y":0.5664152503013611,"z":-0.01931154727935791},"rotation":{"x":0.012071105651557446,"y":0.6604539155960083,"z":-0.01493014208972454,"w":0.7517229914665222},"size":21.660625457763673,"orthographic":true}