{"cameraMode":{"drawMode":0,"name":"Shaded","section":"Shading Mode"},"sceneLighting":false,"audioPlay":false,"sceneViewState":{"showFog":false,"showMaterialUpdate":false,"showSkybox":false,"showFlares":false,"showImageEffects":false,"showParticleSystems":false},"in2DMode":false,"pivot":{"x":13.3427734375,"y":2.57861328125,"z":-0.39190673828125},"rotation":{"x":0.13028459250926972,"y":0.44689416885375979,"z":-0.06577585637569428,"w":0.883144736289978},"size":2.1605775356292726,"orthographic":true}