{"cameraMode":{"drawMode":0,"name":"Shaded","section":"Shading Mode"},"sceneLighting":false,"audioPlay":false,"sceneViewState":{"showFog":true,"showMaterialUpdate":false,"showSkybox":false,"showFlares":true,"showImageEffects":true,"showParticleSystems":true},"in2DMode":false,"pivot":{"x":5.031279563903809,"y":-1.479508876800537,"z":-0.47033166885375979},"rotation":{"x":0.0968063548207283,"y":0.7692246437072754,"z":-0.1200350895524025,"w":0.6202558875083923},"size":7.367898941040039,"orthographic":false}