{"cameraMode":{"drawMode":0,"name":"Shaded","section":"Shading Mode"},"sceneLighting":false,"audioPlay":false,"sceneViewState":{"showFog":true,"showMaterialUpdate":true,"showSkybox":false,"showFlares":true,"showImageEffects":true,"showParticleSystems":true},"in2DMode":false,"pivot":{"x":-0.02035391330718994,"y":1.1328305006027222,"z":-0.03862309455871582},"rotation":{"x":-0.27993693947792055,"y":0.7337455153465271,"z":-0.44528689980506899,"w":-0.43341735005378725},"size":6.538928508758545,"orthographic":true}