{"cameraMode":{"drawMode":0,"name":"Shaded","section":"Shading Mode"},"sceneLighting":false,"audioPlay":false,"sceneViewState":{"showFog":true,"showMaterialUpdate":true,"showSkybox":false,"showFlares":true,"showImageEffects":true,"showParticleSystems":true},"in2DMode":false,"pivot":{"x":0.10354995727539063,"y":0.0,"z":1.1000001430511475},"rotation":{"x":0.08838283270597458,"y":-0.7510913014411926,"z":0.10233115404844284,"w":0.6464437246322632},"size":2.3031482696533205,"orthographic":false}