{"cameraMode":{"drawMode":0,"name":"Shaded","section":"Shading Mode"},"sceneLighting":false,"audioPlay":false,"sceneViewState":{"showFog":true,"showMaterialUpdate":false,"showSkybox":true,"showFlares":true,"showImageEffects":true,"showParticleSystems":true},"in2DMode":false,"pivot":{"x":0.8019724488258362,"y":1.728764533996582,"z":-0.17818641662597657},"rotation":{"x":0.0008106795721687377,"y":-0.9951870441436768,"z":0.09916633367538452,"w":0.01443511713296175},"size":6.859910488128662,"orthographic":false}