{"cameraMode":{"drawMode":0,"name":"Shaded","section":"Shading Mode"},"sceneLighting":false,"audioPlay":false,"sceneViewState":{"showFog":true,"showMaterialUpdate":false,"showSkybox":false,"showFlares":true,"showImageEffects":true,"showParticleSystems":true},"in2DMode":false,"pivot":{"x":-7.450580596923828e-9,"y":0.07656736671924591,"z":0.03324999660253525},"rotation":{"x":0.010555167682468892,"y":0.9879165887832642,"z":-0.13419541716575623,"w":0.07781784981489182},"size":0.41195881366729739,"orthographic":false}