{"cameraMode":{"drawMode":0,"name":"Shaded","section":"Shading Mode"},"sceneLighting":false,"audioPlay":false,"sceneViewState":{"showFog":true,"showMaterialUpdate":false,"showSkybox":true,"showFlares":true,"showImageEffects":true,"showParticleSystems":true},"in2DMode":false,"pivot":{"x":1.723021149635315,"y":0.6342983841896057,"z":0.044609785079956058},"rotation":{"x":-0.021841276437044145,"y":-0.9734882712364197,"z":0.10131853818893433,"w":-0.20495650172233582},"size":3.4341745376586916,"orthographic":false}