{"cameraMode":{"drawMode":0,"name":"Shaded","section":"Shading Mode"},"sceneLighting":false,"audioPlay":false,"sceneViewState":{"showFog":true,"showMaterialUpdate":false,"showSkybox":true,"showFlares":true,"showImageEffects":true,"showParticleSystems":true},"in2DMode":false,"pivot":{"x":0.5835259556770325,"y":-0.4579125642776489,"z":-0.12689566612243653},"rotation":{"x":0.1655144989490509,"y":-0.39455100893974306,"z":0.07287915050983429,"w":0.9011461734771729},"size":7.474874496459961,"orthographic":false}