{"cameraMode":{"drawMode":0,"name":"Shaded","section":"Shading Mode"},"sceneLighting":false,"audioPlay":false,"sceneViewState":{"showFog":true,"showMaterialUpdate":false,"showSkybox":true,"showFlares":true,"showImageEffects":true,"showParticleSystems":true},"in2DMode":false,"pivot":{"x":95.48883056640625,"y":-183.62640380859376,"z":493.51251220703127},"rotation":{"x":-0.29516664147377016,"y":0.11305227130651474,"z":-0.03554857149720192,"w":-0.9482452273368836},"size":906.3251342773438,"orthographic":false}