{"cameraMode":{"drawMode":0,"name":"Shaded","section":"Shading Mode"},"sceneLighting":false,"audioPlay":false,"sceneViewState":{"showFog":true,"showMaterialUpdate":true,"showSkybox":false,"showFlares":true,"showImageEffects":true,"showParticleSystems":true},"in2DMode":false,"pivot":{"x":0.103546142578125,"y":0.0,"z":8.195638656616211e-8},"rotation":{"x":0.011112714186310768,"y":-0.015610937960445881,"z":-0.000029735261705354787,"w":0.999972403049469},"size":1.4031379222869874,"orthographic":false}