{"cameraMode":{"drawMode":0,"name":"Shaded","section":"Shading Mode"},"sceneLighting":false,"audioPlay":false,"sceneViewState":{"showFog":true,"showMaterialUpdate":false,"showSkybox":false,"showFlares":true,"showImageEffects":true,"showParticleSystems":true},"in2DMode":false,"pivot":{"x":-2.9670214653015138,"y":0.9525913000106812,"z":-0.7597507238388062},"rotation":{"x":-0.022216007113456727,"y":0.9768829345703125,"z":-0.16130243241786958,"w":-0.14033272862434388},"size":3.779414415359497,"orthographic":false}