{"cameraMode":{"drawMode":0,"name":"Shaded","section":"Shading Mode"},"sceneLighting":false,"audioPlay":false,"sceneViewState":{"showFog":false,"showMaterialUpdate":false,"showSkybox":false,"showFlares":false,"showImageEffects":false,"showParticleSystems":false},"in2DMode":false,"pivot":{"x":-1.965576171875,"y":3.703125,"z":17.424705505371095},"rotation":{"x":0.5498707890510559,"y":-0.04651873558759689,"z":0.029747186228632928,"w":0.8339223265647888},"size":11.747209548950196,"orthographic":true}