{"cameraMode":{"drawMode":0,"name":"Shaded","section":"Shading Mode"},"sceneLighting":false,"audioPlay":false,"sceneViewState":{"showFog":true,"showMaterialUpdate":false,"showSkybox":true,"showFlares":true,"showImageEffects":true,"showParticleSystems":true},"in2DMode":false,"pivot":{"x":-1.187988519668579,"y":2.700000286102295,"z":-11.637999534606934},"rotation":{"x":0.014026498422026635,"y":0.9842950701713562,"z":-0.09211701154708862,"w":0.15026305615901948},"size":6.757885456085205,"orthographic":false}