{"cameraMode":{"drawMode":0,"name":"Shaded","section":"Shading Mode"},"sceneLighting":false,"audioPlay":false,"sceneViewState":{"showFog":false,"showMaterialUpdate":false,"showSkybox":false,"showFlares":false,"showImageEffects":false,"showParticleSystems":false},"in2DMode":false,"pivot":{"x":4.234965801239014,"y":3.7719998359680177,"z":8.361698150634766},"rotation":{"x":0.2943425476551056,"y":-0.4819338023662567,"z":0.15524542331695558,"w":0.8124274611473084},"size":26.735618591308595,"orthographic":true}