{"cameraMode":{"drawMode":0,"name":"Shaded","section":"Shading Mode"},"sceneLighting":false,"audioPlay":false,"sceneViewState":{"showFog":true,"showMaterialUpdate":true,"showSkybox":false,"showFlares":true,"showImageEffects":true,"showParticleSystems":true},"in2DMode":false,"pivot":{"x":-17.479293823242189,"y":12.286453247070313,"z":-5.3552141189575199},"rotation":{"x":0.2460046410560608,"y":0.6869077682495117,"z":-0.26871737837791445,"w":0.6288413405418396},"size":22.554269790649415,"orthographic":true}