{"cameraMode":{"drawMode":0,"name":"Shaded","section":"Shading Mode"},"sceneLighting":false,"audioPlay":false,"sceneViewState":{"showFog":true,"showMaterialUpdate":false,"showSkybox":true,"showFlares":true,"showImageEffects":true,"showParticleSystems":true},"in2DMode":false,"pivot":{"x":-10.463420867919922,"y":5.159313678741455,"z":8.561840057373047},"rotation":{"x":0.19491711258888246,"y":0.02148079313337803,"z":-0.0043021561577916149,"w":0.9806317090988159},"size":22.0,"orthographic":false}