{"cameraMode":{"drawMode":0,"name":"Shaded","section":"Shading Mode"},"sceneLighting":false,"audioPlay":false,"sceneViewState":{"showFog":true,"showMaterialUpdate":false,"showSkybox":true,"showFlares":true,"showImageEffects":true,"showParticleSystems":true},"in2DMode":false,"pivot":{"x":-0.001999996602535248,"y":8.381903171539307e-9,"z":0.0},"rotation":{"x":-0.07555212825536728,"y":0.7584991455078125,"z":-0.08938915282487869,"w":-0.6410809755325317},"size":0.5305057764053345,"orthographic":false}