{"cameraMode":{"drawMode":0,"name":"Shaded","section":"Shading Mode"},"sceneLighting":false,"audioPlay":false,"sceneViewState":{"showFog":false,"showMaterialUpdate":false,"showSkybox":false,"showFlares":false,"showImageEffects":false,"showParticleSystems":false},"in2DMode":false,"pivot":{"x":-3.7698755264282228,"y":0.8399999141693115,"z":10.374992370605469},"rotation":{"x":-0.6897506713867188,"y":-0.018934037536382676,"z":0.006458343472331762,"w":-0.7251880168914795},"size":22.0,"orthographic":true}