{"cameraMode":{"drawMode":0,"name":"Shaded","section":"Shading Mode"},"sceneLighting":false,"audioPlay":false,"sceneViewState":{"showFog":true,"showMaterialUpdate":false,"showSkybox":true,"showFlares":true,"showImageEffects":true,"showParticleSystems":true},"in2DMode":false,"pivot":{"x":-0.3487975001335144,"y":0.7991132736206055,"z":0.4484786093235016},"rotation":{"x":-0.20460408926010133,"y":0.587845504283905,"z":-0.1568063646554947,"w":-0.7668762803077698},"size":5.94497013092041,"orthographic":false}