{"cameraMode":{"drawMode":0,"name":"Shaded","section":"Shading Mode"},"sceneLighting":false,"audioPlay":false,"sceneViewState":{"showFog":true,"showMaterialUpdate":false,"showSkybox":false,"showFlares":true,"showImageEffects":true,"showParticleSystems":true},"in2DMode":false,"pivot":{"x":-0.13733437657356263,"y":0.6140427589416504,"z":-0.11556076258420944},"rotation":{"x":0.010555167682468892,"y":0.9879165887832642,"z":-0.13419541716575623,"w":0.07781784981489182},"size":5.211959362030029,"orthographic":false}