{"cameraMode":{"drawMode":0,"name":"Shaded","section":"Shading Mode"},"sceneLighting":false,"audioPlay":false,"sceneViewState":{"showFog":true,"showMaterialUpdate":false,"showSkybox":true,"showFlares":true,"showImageEffects":true,"showParticleSystems":true},"in2DMode":false,"pivot":{"x":-2.100788116455078,"y":13.068245887756348,"z":0.6504716873168945},"rotation":{"x":-0.10450126230716706,"y":-0.3372614085674286,"z":0.03767713904380798,"w":-0.9348933100700378},"size":22.0,"orthographic":false}