{"cameraMode":{"drawMode":0,"name":"Shaded","section":"Shading Mode"},"sceneLighting":false,"audioPlay":false,"sceneViewState":{"showFog":true,"showMaterialUpdate":true,"showSkybox":false,"showFlares":true,"showImageEffects":true,"showParticleSystems":true},"in2DMode":false,"pivot":{"x":-2.109957695007324,"y":-1.15234375,"z":0.6830928325653076},"rotation":{"x":0.7359678149223328,"y":0.043757855892181399,"z":-0.04889097437262535,"w":0.6746286153793335},"size":13.405989646911621,"orthographic":true}