{"cameraMode":{"drawMode":0,"name":"Shaded","section":"Shading Mode"},"sceneLighting":false,"audioPlay":false,"sceneViewState":{"showFog":false,"showMaterialUpdate":false,"showSkybox":false,"showFlares":false,"showImageEffects":false,"showParticleSystems":false},"in2DMode":false,"pivot":{"x":0.13609600067138673,"y":2.133524179458618,"z":-10.977266311645508},"rotation":{"x":0.056537043303251269,"y":-0.9445391893386841,"z":0.2198459804058075,"w":0.23905377089977265},"size":36.3589973449707,"orthographic":true}