{"cameraMode":{"drawMode":0,"name":"Shaded","section":"Shading Mode"},"sceneLighting":false,"audioPlay":false,"sceneViewState":{"showFog":true,"showMaterialUpdate":false,"showSkybox":true,"showFlares":true,"showImageEffects":true,"showParticleSystems":true},"in2DMode":false,"pivot":{"x":-0.0022303760051727297,"y":0.0058991312980651859,"z":-0.02152819186449051},"rotation":{"x":-0.10175908356904984,"y":-0.7982024550437927,"z":0.1404717117547989,"w":-0.5771526098251343},"size":0.8148870468139648,"orthographic":false}