{"cameraMode":{"drawMode":0,"name":"Shaded","section":"Shading Mode"},"sceneLighting":false,"audioPlay":false,"sceneViewState":{"showFog":false,"showMaterialUpdate":false,"showSkybox":false,"showFlares":false,"showImageEffects":false,"showParticleSystems":false},"in2DMode":false,"pivot":{"x":9.10870361328125,"y":2.3677825927734377,"z":8.699520111083985},"rotation":{"x":-0.1215401366353035,"y":0.09755465388298035,"z":-0.01172969676554203,"w":-0.9878180027008057},"size":6.042698383331299,"orthographic":true}