{"cameraMode":{"drawMode":0,"name":"Shaded","section":"Shading Mode"},"sceneLighting":false,"audioPlay":false,"sceneViewState":{"showFog":true,"showMaterialUpdate":false,"showSkybox":false,"showFlares":true,"showImageEffects":true,"showParticleSystems":true},"in2DMode":false,"pivot":{"x":-3.346346378326416,"y":1.1175411939620972,"z":0.9367207288742065},"rotation":{"x":0.28587111830711367,"y":-0.553759753704071,"z":0.21014608442783357,"w":0.7533072233200073},"size":9.521108627319336,"orthographic":false}