{"cameraMode":{"drawMode":0,"name":"Shaded","section":"Shading Mode"},"sceneLighting":false,"audioPlay":false,"sceneViewState":{"showFog":true,"showMaterialUpdate":false,"showSkybox":true,"showFlares":true,"showImageEffects":true,"showParticleSystems":true},"in2DMode":false,"pivot":{"x":1.8154202699661255,"y":0.7892811298370361,"z":-4.062290668487549},"rotation":{"x":0.002851679688319564,"y":0.940334677696228,"z":0.005659297574311495,"w":-0.34082356095314028},"size":3.318056344985962,"orthographic":false}