{"cameraMode":{"drawMode":0,"name":"Shaded","section":"Shading Mode"},"sceneLighting":false,"audioPlay":false,"sceneViewState":{"showFog":false,"showMaterialUpdate":false,"showSkybox":false,"showFlares":false,"showImageEffects":false,"showParticleSystems":false},"in2DMode":false,"pivot":{"x":46.280330657958987,"y":-60.760986328125,"z":35.173828125},"rotation":{"x":0.17310790717601777,"y":0.011609278619289399,"z":0.007934436202049256,"w":0.9859528541564941},"size":0.3213372230529785,"orthographic":true}