{"cameraMode":{"drawMode":0,"name":"Shaded","section":"Shading Mode"},"sceneLighting":false,"audioPlay":false,"sceneViewState":{"showFog":true,"showMaterialUpdate":false,"showSkybox":false,"showFlares":true,"showImageEffects":true,"showParticleSystems":true},"in2DMode":false,"pivot":{"x":-0.22890114784240724,"y":0.3663163483142853,"z":0.0963655412197113},"rotation":{"x":-0.10631417483091355,"y":0.000903969572391361,"z":-0.00003814999581663869,"w":-0.9943910241127014},"size":1.5607378482818604,"orthographic":false}