{"cameraMode":{"drawMode":0,"name":"Shaded","section":"Shading Mode"},"sceneLighting":false,"audioPlay":false,"sceneViewState":{"showFog":false,"showMaterialUpdate":false,"showSkybox":false,"showFlares":false,"showImageEffects":false,"showParticleSystems":false},"in2DMode":false,"pivot":{"x":46.26883316040039,"y":-60.843650817871097,"z":34.60043716430664},"rotation":{"x":0.003211922710761428,"y":0.9855507612228394,"z":-0.17177443206310273,"w":-0.037900444120168689},"size":0.8280559182167053,"orthographic":true}