{"cameraMode":{"drawMode":0,"name":"Shaded","section":"Shading Mode"},"sceneLighting":false,"audioPlay":false,"sceneViewState":{"showFog":true,"showMaterialUpdate":false,"showSkybox":true,"showFlares":true,"showImageEffects":true,"showParticleSystems":true},"in2DMode":false,"pivot":{"x":0.0017094910144805909,"y":0.06365539878606796,"z":0.00034833699464797974},"rotation":{"x":-0.0025759798008948566,"y":-0.9608044028282166,"z":0.008945927023887635,"w":-0.2774057686328888},"size":0.3908180296421051,"orthographic":false}