{"cameraMode":{"drawMode":0,"name":"Shaded","section":"Shading Mode"},"sceneLighting":false,"audioPlay":false,"sceneViewState":{"showFog":false,"showMaterialUpdate":false,"showSkybox":false,"showFlares":false,"showImageEffects":false,"showParticleSystems":false},"in2DMode":false,"pivot":{"x":0.0,"y":-60.64313888549805,"z":1.5049999952316285},"rotation":{"x":0.015854354947805406,"y":0.953112781047821,"z":-0.30529364943504336,"w":0.022689351812005044},"size":126.00079345703125,"orthographic":true}