{"cameraMode":{"drawMode":0,"name":"Shaded","section":"Shading Mode"},"sceneLighting":false,"audioPlay":false,"sceneViewState":{"showFog":true,"showMaterialUpdate":true,"showSkybox":false,"showFlares":true,"showImageEffects":true,"showParticleSystems":true},"in2DMode":false,"pivot":{"x":-20.4365234375,"y":0.917724609375,"z":-27.06005859375},"rotation":{"x":0.08023837208747864,"y":0.19459332525730134,"z":-0.015952598303556443,"w":0.9775112271308899},"size":1.1492607593536378,"orthographic":true}