{"cameraMode":{"drawMode":0,"name":"Shaded","section":"Shading Mode"},"sceneLighting":false,"audioPlay":false,"sceneViewState":{"showFog":true,"showMaterialUpdate":false,"showSkybox":true,"showFlares":true,"showImageEffects":true,"showParticleSystems":true},"in2DMode":false,"pivot":{"x":-0.0010000020265579224,"y":0.0,"z":0.06369878351688385},"rotation":{"x":-0.23273901641368867,"y":0.7650256156921387,"z":-0.38987407088279726,"w":-0.45671361684799197},"size":0.43562251329421999,"orthographic":false}