{"cameraMode":{"drawMode":0,"name":"Shaded","section":"Shading Mode"},"sceneLighting":false,"audioPlay":false,"sceneViewState":{"showFog":false,"showMaterialUpdate":false,"showSkybox":false,"showFlares":false,"showImageEffects":false,"showParticleSystems":false},"in2DMode":false,"pivot":{"x":-0.006849132478237152,"y":0.1816084384918213,"z":0.0},"rotation":{"x":-0.48979130387306216,"y":-0.5093621611595154,"z":0.424930602312088,"w":-0.5674180388450623},"size":0.7962482571601868,"orthographic":true}