{"cameraMode":{"drawMode":0,"name":"Shaded","section":"Shading Mode"},"sceneLighting":false,"audioPlay":false,"sceneViewState":{"showFog":true,"showMaterialUpdate":true,"showSkybox":false,"showFlares":true,"showImageEffects":true,"showParticleSystems":true},"in2DMode":false,"pivot":{"x":-0.03420150279998779,"y":1.132822036743164,"z":-0.036955833435058597},"rotation":{"x":-0.009533274918794632,"y":0.9358023405075073,"z":-0.026239456608891488,"w":-0.35250186920166018},"size":3.2311768531799318,"orthographic":true}