{"cameraMode":{"drawMode":0,"name":"Shaded","section":"Shading Mode"},"sceneLighting":false,"audioPlay":false,"sceneViewState":{"showFog":true,"showMaterialUpdate":false,"showSkybox":false,"showFlares":true,"showImageEffects":true,"showParticleSystems":true},"in2DMode":false,"pivot":{"x":0.12198889255523682,"y":5.088479518890381,"z":-0.660834789276123},"rotation":{"x":0.006799343973398209,"y":0.9929120540618897,"z":-0.07042723894119263,"w":0.09622296690940857},"size":4.554585933685303,"orthographic":false}