{"cameraMode":{"drawMode":0,"name":"Shaded","section":"Shading Mode"},"sceneLighting":false,"audioPlay":false,"sceneViewState":{"showFog":true,"showMaterialUpdate":false,"showSkybox":true,"showFlares":true,"showImageEffects":true,"showParticleSystems":true},"in2DMode":false,"pivot":{"x":2.874309539794922,"y":-1.9047536849975587,"z":2.055781364440918},"rotation":{"x":-0.12238889187574387,"y":-0.09929704666137696,"z":0.012302043847739697,"w":-0.9875025153160095},"size":0.4286828637123108,"orthographic":false}