{"cameraMode":{"drawMode":0,"name":"Shaded","section":"Shading Mode"},"sceneLighting":false,"audioPlay":false,"sceneViewState":{"showFog":true,"showMaterialUpdate":false,"showSkybox":true,"showFlares":true,"showImageEffects":true,"showParticleSystems":true},"in2DMode":false,"pivot":{"x":-0.7485740184783936,"y":1.1660068035125733,"z":-5.081498146057129},"rotation":{"x":0.002427144907414913,"y":-0.9866043329238892,"z":0.1630747765302658,"w":0.014215822331607342},"size":5.607347011566162,"orthographic":false}