{"cameraMode":{"drawMode":0,"name":"Shaded","section":"Shading Mode"},"sceneLighting":false,"audioPlay":false,"sceneViewState":{"showFog":true,"showMaterialUpdate":true,"showSkybox":false,"showFlares":true,"showImageEffects":true,"showParticleSystems":true},"in2DMode":false,"pivot":{"x":5.960464477539063e-8,"y":1.0689361095428467,"z":0.00003159046173095703},"rotation":{"x":-0.1236976906657219,"y":0.09131010621786118,"z":-0.011356993578374386,"w":-0.988288938999176},"size":3.6627259254455568,"orthographic":false}