{"cameraMode":{"drawMode":0,"name":"Shaded","section":"Shading Mode"},"sceneLighting":false,"audioPlay":false,"sceneViewState":{"showFog":true,"showMaterialUpdate":true,"showSkybox":true,"showFlares":true,"showImageEffects":true,"showParticleSystems":true},"in2DMode":false,"pivot":{"x":1.4051876068115235,"y":0.04451143741607666,"z":0.7520225048065186},"rotation":{"x":-0.16308097541332246,"y":-0.6407744884490967,"z":0.1418069750070572,"w":-0.7368168234825134},"size":7.2577714920043949,"orthographic":false}