{"cameraMode":{"drawMode":0,"name":"Shaded","section":"Shading Mode"},"sceneLighting":false,"audioPlay":false,"sceneViewState":{"showFog":false,"showMaterialUpdate":false,"showSkybox":false,"showFlares":false,"showImageEffects":false,"showParticleSystems":false},"in2DMode":false,"pivot":{"x":8.503684997558594,"y":3.4295811653137209,"z":-1.6357803344726563},"rotation":{"x":0.538213849067688,"y":-0.29069221019744875,"z":0.2037256807088852,"w":0.7649562358856201},"size":110.390869140625,"orthographic":true}