{"cameraMode":{"drawMode":0,"name":"Shaded","section":"Shading Mode"},"sceneLighting":false,"audioPlay":false,"sceneViewState":{"showFog":false,"showMaterialUpdate":false,"showSkybox":false,"showFlares":false,"showImageEffects":false,"showParticleSystems":false},"in2DMode":false,"pivot":{"x":138.58197021484376,"y":-24.801177978515626,"z":237.35821533203126},"rotation":{"x":-0.18245217204093934,"y":-0.7283672094345093,"z":0.19669874012470246,"w":-0.6321240067481995},"size":6082.32763671875,"orthographic":true}