{"cameraMode":{"drawMode":0,"name":"Shaded","section":"Shading Mode"},"sceneLighting":false,"audioPlay":false,"sceneViewState":{"showFog":true,"showMaterialUpdate":false,"showSkybox":true,"showFlares":true,"showImageEffects":true,"showParticleSystems":true},"in2DMode":false,"pivot":{"x":-1.2715400457382203,"y":1.216601014137268,"z":-1.4365005493164063},"rotation":{"x":0.00035197482793591917,"y":-0.9991813898086548,"z":0.02431620843708515,"w":0.03844177722930908},"size":10.07548999786377,"orthographic":false}