{"cameraMode":{"drawMode":0,"name":"Shaded","section":"Shading Mode"},"sceneLighting":false,"audioPlay":false,"sceneViewState":{"showFog":false,"showMaterialUpdate":false,"showSkybox":false,"showFlares":false,"showImageEffects":false,"showParticleSystems":false},"in2DMode":false,"pivot":{"x":-0.20307683944702149,"y":3.4153952598571779,"z":0.10959982872009278},"rotation":{"x":-0.22485925257205964,"y":-0.6461427807807922,"z":0.20816364884376527,"w":-0.6991523504257202},"size":15.424046516418457,"orthographic":true}