{"cameraMode":{"drawMode":0,"name":"Shaded","section":"Shading Mode"},"sceneLighting":false,"audioPlay":false,"sceneViewState":{"showFog":true,"showMaterialUpdate":false,"showSkybox":true,"showFlares":true,"showImageEffects":true,"showParticleSystems":true},"in2DMode":false,"pivot":{"x":1.974117398262024,"y":0.23500001430511475,"z":4.768044471740723},"rotation":{"x":-0.032717227935791019,"y":-0.358918696641922,"z":0.011903318576514721,"w":-0.9329500794410706},"size":4.931234359741211,"orthographic":false}