{"cameraMode":{"drawMode":0,"name":"Shaded","section":"Shading Mode"},"sceneLighting":false,"audioPlay":false,"sceneViewState":{"showFog":true,"showMaterialUpdate":true,"showSkybox":false,"showFlares":true,"showImageEffects":true,"showParticleSystems":true},"in2DMode":false,"pivot":{"x":0.0,"y":0.009999999776482582,"z":-12.039999961853028},"rotation":{"x":-0.05061687156558037,"y":-0.8773612976074219,"z":0.46814316511154177,"w":-0.09949169307947159},"size":5.167535305023193,"orthographic":true}