{"cameraMode":{"drawMode":0,"name":"Shaded","section":"Shading Mode"},"sceneLighting":true,"audioPlay":false,"sceneViewState":{"showFog":true,"showMaterialUpdate":false,"showSkybox":true,"showFlares":true,"showImageEffects":true,"showParticleSystems":true},"in2DMode":false,"pivot":{"x":0.7400000095367432,"y":-1.3400001525878907,"z":-59.94999694824219},"rotation":{"x":-0.08780095726251602,"y":0.7033230066299439,"z":-0.08825837820768357,"w":-0.6999805569648743},"size":1.7871265411376954,"orthographic":false}