{"cameraMode":{"drawMode":0,"name":"Shaded","section":"Shading Mode"},"sceneLighting":false,"audioPlay":false,"sceneViewState":{"showFog":true,"showMaterialUpdate":false,"showSkybox":true,"showFlares":true,"showImageEffects":true,"showParticleSystems":true},"in2DMode":false,"pivot":{"x":-0.31138375401496889,"y":-1.2597007751464844,"z":-4.209853172302246},"rotation":{"x":-0.005232302006334066,"y":0.9875953793525696,"z":-0.154134139418602,"w":-0.03564082458615303},"size":6.7703537940979,"orthographic":false}