{"cameraMode":{"drawMode":0,"name":"Shaded","section":"Shading Mode"},"sceneLighting":false,"audioPlay":false,"sceneViewState":{"showFog":true,"showMaterialUpdate":false,"showSkybox":true,"showFlares":true,"showImageEffects":true,"showParticleSystems":true},"in2DMode":false,"pivot":{"x":-137.30999755859376,"y":0.18000000715255738,"z":-260.739990234375},"rotation":{"x":-0.0014958791434764863,"y":0.9971783757209778,"z":-0.07223179936408997,"w":-0.02064353972673416},"size":11.43606185913086,"orthographic":false}