{"cameraMode":{"drawMode":0,"name":"Shaded","section":"Shading Mode"},"sceneLighting":false,"audioPlay":false,"sceneViewState":{"showFog":true,"showMaterialUpdate":false,"showSkybox":true,"showFlares":true,"showImageEffects":true,"showParticleSystems":true},"in2DMode":false,"pivot":{"x":2.6679999828338625,"y":0.09399999678134918,"z":6.427999973297119},"rotation":{"x":-0.07057277113199234,"y":-0.07148192822933197,"z":0.005089651793241501,"w":-0.9950222373008728},"size":0.28187474608421328,"orthographic":false}