{"cameraMode":{"drawMode":0,"name":"Shaded","section":"Shading Mode"},"sceneLighting":false,"audioPlay":false,"sceneViewState":{"showFog":false,"showMaterialUpdate":false,"showSkybox":false,"showFlares":false,"showImageEffects":false,"showParticleSystems":false},"in2DMode":false,"pivot":{"x":46.67274475097656,"y":-60.85310745239258,"z":35.60945129394531},"rotation":{"x":0.06897920370101929,"y":-0.5415753126144409,"z":0.05571584776043892,"w":0.837325930595398},"size":0.21299245953559876,"orthographic":true}