{"cameraMode":{"drawMode":0,"name":"Shaded","section":"Shading Mode"},"sceneLighting":false,"audioPlay":false,"sceneViewState":{"showFog":true,"showMaterialUpdate":true,"showSkybox":false,"showFlares":true,"showImageEffects":true,"showParticleSystems":true},"in2DMode":false,"pivot":{"x":-0.5376424789428711,"y":0.39799773693084719,"z":-0.22106456756591798},"rotation":{"x":-0.41282710433006289,"y":0.04567236825823784,"z":-0.020626483485102655,"w":-0.9097002744674683},"size":2.3040847778320314,"orthographic":false}