{"cameraMode":{"drawMode":0,"name":"Shaded","section":"Shading Mode"},"sceneLighting":false,"audioPlay":false,"sceneViewState":{"showFog":true,"showMaterialUpdate":false,"showSkybox":true,"showFlares":true,"showImageEffects":true,"showParticleSystems":true},"in2DMode":false,"pivot":{"x":-0.11516061425209046,"y":0.07187681645154953,"z":0.03583523631095886},"rotation":{"x":-0.20160938799381257,"y":0.33499884605407717,"z":-0.07361453771591187,"w":-0.9174568057060242},"size":0.5305057764053345,"orthographic":false}