{"cameraMode":{"drawMode":0,"name":"Shaded","section":"Shading Mode"},"sceneLighting":false,"audioPlay":false,"sceneViewState":{"showFog":true,"showMaterialUpdate":false,"showSkybox":true,"showFlares":true,"showImageEffects":true,"showParticleSystems":true},"in2DMode":false,"pivot":{"x":-0.0013519525527954102,"y":0.0015250369906425477,"z":0.008284695446491242},"rotation":{"x":-0.10175908356904984,"y":-0.7982024550437927,"z":0.1404717117547989,"w":-0.5771526098251343},"size":0.8487681150436401,"orthographic":false}