{"cameraMode":{"drawMode":0,"name":"Shaded","section":"Shading Mode"},"sceneLighting":false,"audioPlay":false,"sceneViewState":{"showFog":false,"showMaterialUpdate":false,"showSkybox":false,"showFlares":false,"showImageEffects":false,"showParticleSystems":false},"in2DMode":false,"pivot":{"x":16.80943489074707,"y":3.7719998359680177,"z":-6.430821418762207},"rotation":{"x":0.46154719591140749,"y":-0.4992569386959076,"z":0.3579307198524475,"w":0.6407323479652405},"size":32.29621505737305,"orthographic":true}