{"cameraMode":{"drawMode":0,"name":"Shaded","section":"Shading Mode"},"sceneLighting":false,"audioPlay":false,"sceneViewState":{"showFog":true,"showMaterialUpdate":false,"showSkybox":false,"showFlares":true,"showImageEffects":true,"showParticleSystems":true},"in2DMode":false,"pivot":{"x":414.74993896484377,"y":115.3243637084961,"z":-1.2682112455368043},"rotation":{"x":0.010209200903773308,"y":0.009908100590109826,"z":-0.00013104575918987393,"w":0.999949038028717},"size":190.0035400390625,"orthographic":false}