{"cameraMode":{"drawMode":0,"name":"Shaded","section":"Shading Mode"},"sceneLighting":false,"audioPlay":false,"sceneViewState":{"showFog":false,"showMaterialUpdate":false,"showSkybox":false,"showFlares":false,"showImageEffects":false,"showParticleSystems":false},"in2DMode":false,"pivot":{"x":0.13609600067138673,"y":2.133524179458618,"z":-10.977266311645508},"rotation":{"x":0.31531304121017458,"y":-0.5357311964035034,"z":0.2238963544368744,"w":0.7511783242225647},"size":43.71177291870117,"orthographic":true}