{"cameraMode":{"drawMode":0,"name":"Shaded","section":"Shading Mode"},"sceneLighting":false,"audioPlay":false,"sceneViewState":{"showFog":true,"showMaterialUpdate":false,"showSkybox":true,"showFlares":true,"showImageEffects":true,"showParticleSystems":true},"in2DMode":false,"pivot":{"x":-0.7485740184783936,"y":1.1660068035125733,"z":-5.081498146057129},"rotation":{"x":-0.07057277113199234,"y":-0.07148192822933197,"z":0.005089651793241501,"w":-0.9950222373008728},"size":5.181105136871338,"orthographic":false}