{"cameraMode":{"drawMode":0,"name":"Shaded","section":"Shading Mode"},"sceneLighting":false,"audioPlay":false,"sceneViewState":{"showFog":true,"showMaterialUpdate":false,"showSkybox":true,"showFlares":true,"showImageEffects":true,"showParticleSystems":true},"in2DMode":false,"pivot":{"x":-1.3586597442626954,"y":-2.3918824195861818,"z":11.579050064086914},"rotation":{"x":-0.15465544164180757,"y":-0.6212477684020996,"z":0.12676137685775758,"w":-0.7577690482139587},"size":27.251955032348634,"orthographic":false}