{"cameraMode":{"drawMode":0,"name":"Shaded","section":"Shading Mode"},"sceneLighting":false,"audioPlay":false,"sceneViewState":{"showFog":true,"showMaterialUpdate":true,"showSkybox":false,"showFlares":true,"showImageEffects":true,"showParticleSystems":true},"in2DMode":false,"pivot":{"x":-9.769317626953125,"y":3.6195178031921388,"z":4.933022975921631},"rotation":{"x":0.33709731698036196,"y":-0.04162785783410072,"z":0.01455820631235838,"w":0.9406033754348755},"size":5.662422180175781,"orthographic":false}