{"cameraMode":{"drawMode":0,"name":"Shaded","section":"Shading Mode"},"sceneLighting":false,"audioPlay":false,"sceneViewState":{"showFog":true,"showMaterialUpdate":false,"showSkybox":false,"showFlares":true,"showImageEffects":true,"showParticleSystems":true},"in2DMode":false,"pivot":{"x":-0.5457138419151306,"y":3.828470468521118,"z":1.7182395458221436},"rotation":{"x":0.028706248849630357,"y":0.25273123383522036,"z":0.007573450915515423,"w":-0.967145562171936},"size":7.174337387084961,"orthographic":false}