{"cameraMode":{"drawMode":0,"name":"Shaded","section":"Shading Mode"},"sceneLighting":false,"audioPlay":false,"sceneViewState":{"showFog":true,"showMaterialUpdate":true,"showSkybox":false,"showFlares":true,"showImageEffects":true,"showParticleSystems":true},"in2DMode":false,"pivot":{"x":2.9802322387695315e-8,"y":0.11870645731687546,"z":7.450580596923828e-8},"rotation":{"x":0.004176851361989975,"y":0.9959638714790344,"z":-0.06734544038772583,"w":0.06316352635622025},"size":6.43999719619751,"orthographic":false}