{"cameraMode":{"drawMode":0,"name":"Shaded","section":"Shading Mode"},"sceneLighting":false,"audioPlay":false,"sceneViewState":{"showFog":true,"showMaterialUpdate":false,"showSkybox":true,"showFlares":true,"showImageEffects":true,"showParticleSystems":true},"in2DMode":false,"pivot":{"x":-0.8714765310287476,"y":0.8999999761581421,"z":-0.6767615079879761},"rotation":{"x":-0.0053428285755217079,"y":-0.9933568835258484,"z":0.05101111903786659,"w":-0.10376226902008057},"size":6.086200714111328,"orthographic":false}