{"cameraMode":{"drawMode":0,"name":"Shaded","section":"Shading Mode"},"sceneLighting":false,"audioPlay":false,"sceneViewState":{"showFog":true,"showMaterialUpdate":false,"showSkybox":true,"showFlares":true,"showImageEffects":true,"showParticleSystems":true},"in2DMode":false,"pivot":{"x":-0.08843994140625,"y":11.459976196289063,"z":7.714794158935547},"rotation":{"x":0.20634759962558747,"y":0.7333229780197144,"z":-0.25391101837158205,"w":0.5960425734519959},"size":53.63311004638672,"orthographic":false}