{"cameraMode":{"drawMode":0,"name":"Shaded","section":"Shading Mode"},"sceneLighting":false,"audioPlay":false,"sceneViewState":{"showFog":false,"showMaterialUpdate":false,"showSkybox":false,"showFlares":false,"showImageEffects":false,"showParticleSystems":false},"in2DMode":false,"pivot":{"x":3.88031005859375,"y":0.1064453125,"z":6.6943359375},"rotation":{"x":0.4400005638599396,"y":-0.06733870506286621,"z":0.03287418186664581,"w":0.8950203657150269},"size":7.7536516189575199,"orthographic":true}