{"cameraMode":{"drawMode":0,"name":"Shaded","section":"Shading Mode"},"sceneLighting":false,"audioPlay":false,"sceneViewState":{"showFog":true,"showMaterialUpdate":false,"showSkybox":true,"showFlares":true,"showImageEffects":true,"showParticleSystems":true},"in2DMode":false,"pivot":{"x":0.544921875,"y":1.3095893859863282,"z":-4.433932781219482},"rotation":{"x":-0.016806604340672494,"y":0.015280630439519883,"z":-0.00029090011958032846,"w":-0.9998015761375427},"size":22.0,"orthographic":false}