{"cameraMode":{"drawMode":0,"name":"Shaded","section":"Shading Mode"},"sceneLighting":false,"audioPlay":false,"sceneViewState":{"showFog":true,"showMaterialUpdate":false,"showSkybox":true,"showFlares":true,"showImageEffects":true,"showParticleSystems":true},"in2DMode":false,"pivot":{"x":1.1902705430984498,"y":1.337161898612976,"z":-9.976156234741211},"rotation":{"x":-0.10175908356904984,"y":-0.7982024550437927,"z":0.1404717117547989,"w":-0.5771526098251343},"size":0.45788395404815676,"orthographic":false}