{"cameraMode":{"drawMode":0,"name":"Shaded","section":"Shading Mode"},"sceneLighting":false,"audioPlay":false,"sceneViewState":{"showFog":true,"showMaterialUpdate":true,"showSkybox":false,"showFlares":true,"showImageEffects":true,"showParticleSystems":true},"in2DMode":false,"pivot":{"x":-129.5276641845703,"y":1.2878433465957642,"z":-259.4598693847656},"rotation":{"x":0.11307263374328613,"y":-0.03873828053474426,"z":0.004433647263795137,"w":0.9928707480430603},"size":4.524118900299072,"orthographic":true}