{"cameraMode":{"drawMode":0,"name":"Shaded","section":"Shading Mode"},"sceneLighting":false,"audioPlay":false,"sceneViewState":{"showFog":true,"showMaterialUpdate":true,"showSkybox":false,"showFlares":true,"showImageEffects":true,"showParticleSystems":true},"in2DMode":false,"pivot":{"x":5.587935447692871e-9,"y":0.3239871859550476,"z":-3.725290298461914e-8},"rotation":{"x":0.2165798842906952,"y":-0.568583071231842,"z":0.15822598338127137,"w":0.7778372764587402},"size":1.102768063545227,"orthographic":false}