{"cameraMode":{"drawMode":0,"name":"Shaded","section":"Shading Mode"},"sceneLighting":false,"audioPlay":false,"sceneViewState":{"showFog":true,"showMaterialUpdate":true,"showSkybox":false,"showFlares":true,"showImageEffects":true,"showParticleSystems":true},"in2DMode":false,"pivot":{"x":-21.5712890625,"y":17.58447265625,"z":-33.293212890625},"rotation":{"x":0.32474666833877566,"y":0.5191110372543335,"z":-0.22217592597007752,"w":0.758783221244812},"size":13.79463005065918,"orthographic":true}