{"cameraMode":{"drawMode":0,"name":"Shaded","section":"Shading Mode"},"sceneLighting":false,"audioPlay":false,"sceneViewState":{"showFog":true,"showMaterialUpdate":false,"showSkybox":true,"showFlares":true,"showImageEffects":true,"showParticleSystems":true},"in2DMode":false,"pivot":{"x":-1.2715400457382203,"y":1.216601014137268,"z":-1.4365005493164063},"rotation":{"x":-0.0011218787403777242,"y":-0.9977660775184631,"z":0.007751285098493099,"w":-0.06951205432415009},"size":10.57165813446045,"orthographic":false}