{"cameraMode":{"drawMode":0,"name":"Shaded","section":"Shading Mode"},"sceneLighting":false,"audioPlay":false,"sceneViewState":{"showFog":true,"showMaterialUpdate":true,"showSkybox":false,"showFlares":true,"showImageEffects":true,"showParticleSystems":true},"in2DMode":false,"pivot":{"x":-0.12073695659637451,"y":1.113288164138794,"z":0.029964327812194825},"rotation":{"x":0.0653364360332489,"y":-0.3995171785354614,"z":0.028722815215587617,"w":0.9143036603927612},"size":6.952301979064941,"orthographic":true}