{"cameraMode":{"drawMode":0,"name":"Shaded","section":"Shading Mode"},"sceneLighting":false,"audioPlay":false,"sceneViewState":{"showFog":true,"showMaterialUpdate":false,"showSkybox":true,"showFlares":true,"showImageEffects":true,"showParticleSystems":true},"in2DMode":false,"pivot":{"x":0.7979581356048584,"y":5.970903396606445,"z":-1.5169000625610352},"rotation":{"x":-0.25993940234184267,"y":0.17152439057826997,"z":-0.04697902873158455,"w":-0.9491586685180664},"size":4.921282768249512,"orthographic":false}