{"cameraMode":{"drawMode":0,"name":"Shaded","section":"Shading Mode"},"sceneLighting":false,"audioPlay":false,"sceneViewState":{"showFog":true,"showMaterialUpdate":true,"showSkybox":false,"showFlares":true,"showImageEffects":true,"showParticleSystems":true},"in2DMode":false,"pivot":{"x":-2.2177610397338869,"y":0.6992249488830566,"z":0.4356459379196167},"rotation":{"x":0.4214510917663574,"y":0.5282670259475708,"z":-0.34898874163627627,"w":0.6506203413009644},"size":16.519012451171876,"orthographic":true}