{"cameraMode":{"drawMode":0,"name":"Shaded","section":"Shading Mode"},"sceneLighting":false,"audioPlay":false,"sceneViewState":{"showFog":true,"showMaterialUpdate":true,"showSkybox":false,"showFlares":true,"showImageEffects":true,"showParticleSystems":true},"in2DMode":false,"pivot":{"x":0.0,"y":0.43541765213012698,"z":5.684341886080802e-14},"rotation":{"x":-0.07943332940340042,"y":-0.2652437090873718,"z":0.022062387317419053,"w":-0.9609670639038086},"size":29.336462020874025,"orthographic":false}