{"cameraMode":{"drawMode":0,"name":"Shaded","section":"Shading Mode"},"sceneLighting":false,"audioPlay":false,"sceneViewState":{"showFog":true,"showMaterialUpdate":false,"showSkybox":true,"showFlares":true,"showImageEffects":true,"showParticleSystems":true},"in2DMode":false,"pivot":{"x":-0.16743721067905427,"y":0.7694792747497559,"z":-0.005164468660950661},"rotation":{"x":-0.05666276812553406,"y":-0.02545447275042534,"z":0.0014997815014794469,"w":-0.9981216788291931},"size":1.7031378746032715,"orthographic":false}