{"cameraMode":{"drawMode":0,"name":"Shaded","section":"Shading Mode"},"sceneLighting":false,"audioPlay":false,"sceneViewState":{"showFog":true,"showMaterialUpdate":false,"showSkybox":true,"showFlares":true,"showImageEffects":true,"showParticleSystems":true},"in2DMode":false,"pivot":{"x":-0.04210549592971802,"y":0.05053448677062988,"z":0.015594959259033203},"rotation":{"x":-0.09456454962491989,"y":-0.047486044466495517,"z":0.004518094472587109,"w":-0.994425356388092},"size":22.0,"orthographic":false}