{"cameraMode":{"drawMode":0,"name":"Shaded","section":"Shading Mode"},"sceneLighting":false,"audioPlay":false,"sceneViewState":{"showFog":true,"showMaterialUpdate":false,"showSkybox":false,"showFlares":true,"showImageEffects":true,"showParticleSystems":true},"in2DMode":false,"pivot":{"x":1.1416497230529786,"y":-2.601973056793213,"z":-2.4804515838623049},"rotation":{"x":-0.010643024928867817,"y":0.18109968304634095,"z":-0.0018913322128355504,"w":-0.9834690690040588},"size":15.370621681213379,"orthographic":false}