{"cameraMode":{"drawMode":0,"name":"Shaded","section":"Shading Mode"},"sceneLighting":false,"audioPlay":false,"sceneViewState":{"showFog":true,"showMaterialUpdate":false,"showSkybox":true,"showFlares":true,"showImageEffects":true,"showParticleSystems":true},"in2DMode":false,"pivot":{"x":-0.004231803119182587,"y":0.0,"z":0.008855298161506653},"rotation":{"x":-0.09707697480916977,"y":0.7323026061058044,"z":-0.10733852535486222,"w":-0.6656804084777832},"size":0.5254007577896118,"orthographic":false}