{"cameraMode":{"drawMode":0,"name":"Shaded","section":"Shading Mode"},"sceneLighting":true,"audioPlay":false,"sceneViewState":{"showFog":true,"showMaterialUpdate":false,"showSkybox":false,"showFlares":true,"showImageEffects":true,"showParticleSystems":true},"in2DMode":false,"pivot":{"x":-1.1809998750686646,"y":3.618000030517578,"z":0.35456180572509768},"rotation":{"x":0.09061288833618164,"y":0.8032187819480896,"z":-0.1265876293182373,"w":0.5750056505203247},"size":24.006223678588868,"orthographic":false}