{"cameraMode":{"drawMode":0,"name":"Shaded","section":"Shading Mode"},"sceneLighting":false,"audioPlay":true,"sceneViewState":{"showFog":true,"showMaterialUpdate":true,"showSkybox":true,"showFlares":true,"showImageEffects":true,"showParticleSystems":true},"in2DMode":false,"pivot":{"x":9.10870361328125,"y":2.3677825927734377,"z":8.699520111083985},"rotation":{"x":-0.02012810856103897,"y":-0.687341034412384,"z":0.01931600645184517,"w":-0.7259445190429688},"size":3.6583034992218019,"orthographic":true}