{"cameraMode":{"drawMode":0,"name":"Shaded","section":"Shading Mode"},"sceneLighting":false,"audioPlay":false,"sceneViewState":{"showFog":true,"showMaterialUpdate":true,"showSkybox":false,"showFlares":true,"showImageEffects":true,"showParticleSystems":true},"in2DMode":false,"pivot":{"x":1.2185001373291016,"y":0.2519998550415039,"z":-4.232999801635742},"rotation":{"x":-0.35400599241256716,"y":-0.2830437421798706,"z":0.12737220525741578,"w":-0.8839890360832214},"size":56.30275344848633,"orthographic":true}