{"cameraMode":{"drawMode":0,"name":"Shaded","section":"Shading Mode"},"sceneLighting":false,"audioPlay":false,"sceneViewState":{"showFog":true,"showMaterialUpdate":true,"showSkybox":false,"showFlares":true,"showImageEffects":true,"showParticleSystems":true},"in2DMode":false,"pivot":{"x":0.2925567626953125,"y":-0.03812408447265625,"z":8.195638656616211e-8},"rotation":{"x":-0.08425335586071015,"y":-0.11447355896234513,"z":0.00990309938788414,"w":-0.9901159405708313},"size":4.995814800262451,"orthographic":true}