{"cameraMode":{"drawMode":0,"name":"Shaded","section":"Shading Mode"},"sceneLighting":false,"audioPlay":false,"sceneViewState":{"showFog":true,"showMaterialUpdate":false,"showSkybox":true,"showFlares":true,"showImageEffects":true,"showParticleSystems":true},"in2DMode":false,"pivot":{"x":1.735669732093811,"y":-0.23343682289123536,"z":0.24991989135742188},"rotation":{"x":-0.04038700833916664,"y":-0.9577065110206604,"z":0.16261175274848939,"w":-0.23485000431537629},"size":3.7341744899749758,"orthographic":false}