{"cameraMode":{"drawMode":0,"name":"Shaded","section":"Shading Mode"},"sceneLighting":false,"audioPlay":false,"sceneViewState":{"showFog":true,"showMaterialUpdate":true,"showSkybox":false,"showFlares":true,"showImageEffects":true,"showParticleSystems":true},"in2DMode":false,"pivot":{"x":-21.394567489624025,"y":0.8079791069030762,"z":-26.673879623413087},"rotation":{"x":0.10073933750391007,"y":0.6794150471687317,"z":-0.09497725963592529,"w":0.7205823659896851},"size":3.8494133949279787,"orthographic":true}