{"cameraMode":{"drawMode":0,"name":"Shaded","section":"Shading Mode"},"sceneLighting":false,"audioPlay":false,"sceneViewState":{"showFog":true,"showMaterialUpdate":false,"showSkybox":true,"showFlares":true,"showImageEffects":true,"showParticleSystems":true},"in2DMode":false,"pivot":{"x":7.81584358215332,"y":0.6820544004440308,"z":-58.702728271484378},"rotation":{"x":-0.11303352564573288,"y":0.6116756200790405,"z":-0.08892013132572174,"w":-0.7780029773712158},"size":5.440439224243164,"orthographic":false}