{"cameraMode":{"drawMode":0,"name":"Shaded","section":"Shading Mode"},"sceneLighting":false,"audioPlay":false,"sceneViewState":{"showFog":true,"showMaterialUpdate":false,"showSkybox":true,"showFlares":true,"showImageEffects":true,"showParticleSystems":true},"in2DMode":false,"pivot":{"x":3.5695438385009767,"y":-0.6371278762817383,"z":2.1385459899902345},"rotation":{"x":-0.0027001784183084966,"y":-0.8803107142448425,"z":-0.005010564811527729,"w":0.47455769777297976},"size":22.0,"orthographic":false}