{"cameraMode":{"drawMode":0,"name":"Shaded","section":"Shading Mode"},"sceneLighting":false,"audioPlay":false,"sceneViewState":{"showFog":true,"showMaterialUpdate":false,"showSkybox":true,"showFlares":true,"showImageEffects":true,"showParticleSystems":true},"in2DMode":false,"pivot":{"x":1.1902705430984498,"y":1.337161898612976,"z":-9.976156234741211},"rotation":{"x":0.04186105728149414,"y":-0.946587860584259,"z":0.13760656118392945,"w":0.28914448618888857},"size":0.45788419246673586,"orthographic":false}