{"cameraMode":{"drawMode":0,"name":"Shaded","section":"Shading Mode"},"sceneLighting":false,"audioPlay":false,"sceneViewState":{"showFog":true,"showMaterialUpdate":true,"showSkybox":false,"showFlares":true,"showImageEffects":true,"showParticleSystems":true},"in2DMode":false,"pivot":{"x":-0.02035391330718994,"y":1.1328305006027222,"z":-0.03862309455871582},"rotation":{"x":-0.15859873592853547,"y":0.8503391146659851,"z":-0.4052329957485199,"w":-0.3007248342037201},"size":6.538928508758545,"orthographic":true}