{"cameraMode":{"drawMode":0,"name":"Shaded","section":"Shading Mode"},"sceneLighting":false,"audioPlay":false,"sceneViewState":{"showFog":true,"showMaterialUpdate":false,"showSkybox":true,"showFlares":true,"showImageEffects":true,"showParticleSystems":true},"in2DMode":false,"pivot":{"x":-3.9115216732025148,"y":-1.1580579280853272,"z":-10.44456672668457},"rotation":{"x":-0.20544098317623139,"y":0.2053961604833603,"z":-0.04483148083090782,"w":-0.9560502171516419},"size":33.39982986450195,"orthographic":false}