{"cameraMode":{"drawMode":0,"name":"Shaded","section":"Shading Mode"},"sceneLighting":false,"audioPlay":false,"sceneViewState":{"showFog":true,"showMaterialUpdate":true,"showSkybox":false,"showFlares":true,"showImageEffects":true,"showParticleSystems":true},"in2DMode":false,"pivot":{"x":-0.03420150279998779,"y":1.132822036743164,"z":-0.036955833435058597},"rotation":{"x":0.013424177654087544,"y":-0.9861911535263062,"z":0.13487161695957185,"w":0.09877941012382508},"size":6.511960983276367,"orthographic":true}