{"cameraMode":{"drawMode":0,"name":"Shaded","section":"Shading Mode"},"sceneLighting":false,"audioPlay":false,"sceneViewState":{"showFog":true,"showMaterialUpdate":true,"showSkybox":false,"showFlares":true,"showImageEffects":true,"showParticleSystems":true},"in2DMode":false,"pivot":{"x":4.349609375,"y":0.3011474609375,"z":1.904447078704834},"rotation":{"x":-0.06865109503269196,"y":-0.7338842153549194,"z":0.09284747391939163,"w":-0.6718050837516785},"size":2.6333699226379396,"orthographic":true}