{"cameraMode":{"drawMode":0,"name":"Shaded","section":"Shading Mode"},"sceneLighting":false,"audioPlay":false,"sceneViewState":{"showFog":true,"showMaterialUpdate":true,"showSkybox":false,"showFlares":true,"showImageEffects":true,"showParticleSystems":true},"in2DMode":false,"pivot":{"x":0.4572928249835968,"y":0.744960606098175,"z":0.07638430595397949},"rotation":{"x":0.020950792357325555,"y":0.9780287146568298,"z":-0.12213253974914551,"w":0.16889506578445435},"size":2.6307547092437746,"orthographic":false}