{"cameraMode":{"drawMode":0,"name":"Shaded","section":"Shading Mode"},"sceneLighting":false,"audioPlay":false,"sceneViewState":{"showFog":true,"showMaterialUpdate":false,"showSkybox":true,"showFlares":true,"showImageEffects":true,"showParticleSystems":true},"in2DMode":false,"pivot":{"x":5.392341613769531,"y":-1.5802898406982422,"z":-106.51216888427735},"rotation":{"x":-0.12235225737094879,"y":0.6196930408477783,"z":-0.09864342212677002,"w":-0.7690262198448181},"size":19.762784957885743,"orthographic":false}