{"cameraMode":{"drawMode":0,"name":"Shaded","section":"Shading Mode"},"sceneLighting":false,"audioPlay":false,"sceneViewState":{"showFog":false,"showMaterialUpdate":false,"showSkybox":false,"showFlares":false,"showImageEffects":false,"showParticleSystems":false},"in2DMode":false,"pivot":{"x":-0.0059244632720947269,"y":2.3161685466766359,"z":1.1920928955078126e-7},"rotation":{"x":-0.22485925257205964,"y":-0.6461427807807922,"z":0.20816364884376527,"w":-0.6991523504257202},"size":10.06493854522705,"orthographic":true}