{"cameraMode":{"drawMode":0,"name":"Shaded","section":"Shading Mode"},"sceneLighting":false,"audioPlay":false,"sceneViewState":{"showFog":false,"showMaterialUpdate":false,"showSkybox":false,"showFlares":false,"showImageEffects":false,"showParticleSystems":false},"in2DMode":false,"pivot":{"x":-71.99996948242188,"y":1.839996337890625,"z":0.85999995470047},"rotation":{"x":-0.17498375475406648,"y":0.6482435464859009,"z":-0.15572869777679444,"w":-0.724766194820404},"size":5.989150524139404,"orthographic":true}