{"cameraMode":{"drawMode":0,"name":"Shaded","section":"Shading Mode"},"sceneLighting":false,"audioPlay":false,"sceneViewState":{"showFog":true,"showMaterialUpdate":false,"showSkybox":true,"showFlares":true,"showImageEffects":true,"showParticleSystems":true},"in2DMode":false,"pivot":{"x":0.0,"y":0.9049999713897705,"z":-12.039999961853028},"rotation":{"x":-0.028805410489439966,"y":-0.010212751105427742,"z":0.00027857834356836975,"w":-0.9996094703674316},"size":3.2221639156341554,"orthographic":false}