{"cameraMode":{"drawMode":0,"name":"Shaded","section":"Shading Mode"},"sceneLighting":false,"audioPlay":false,"sceneViewState":{"showFog":false,"showMaterialUpdate":false,"showSkybox":false,"showFlares":false,"showImageEffects":false,"showParticleSystems":false},"in2DMode":false,"pivot":{"x":46.846012115478519,"y":-60.85499954223633,"z":35.60001754760742},"rotation":{"x":-0.351056843996048,"y":0.05828913301229477,"z":-0.03188236057758331,"w":-0.9352517127990723},"size":0.2584684491157532,"orthographic":true}