{"cameraMode":{"drawMode":0,"name":"Shaded","section":"Shading Mode"},"sceneLighting":false,"audioPlay":false,"sceneViewState":{"showFog":true,"showMaterialUpdate":false,"showSkybox":true,"showFlares":true,"showImageEffects":true,"showParticleSystems":true},"in2DMode":false,"pivot":{"x":0.0,"y":-0.0007968246936798096,"z":0.054809167981147769},"rotation":{"x":-0.10001356154680252,"y":-0.6567540764808655,"z":0.08832664042711258,"w":-0.7424216270446777},"size":0.9771879315376282,"orthographic":false}