{"cameraMode":{"drawMode":0,"name":"Shaded","section":"Shading Mode"},"sceneLighting":false,"audioPlay":false,"sceneViewState":{"showFog":true,"showMaterialUpdate":false,"showSkybox":true,"showFlares":true,"showImageEffects":true,"showParticleSystems":true},"in2DMode":false,"pivot":{"x":0.6397422552108765,"y":1.2519547939300538,"z":-3.0100150108337404},"rotation":{"x":-0.021874966099858285,"y":-0.5995831489562988,"z":0.016346048563718797,"w":-0.7999173402786255},"size":22.0,"orthographic":false}