{"cameraMode":{"drawMode":0,"name":"Shaded","section":"Shading Mode"},"sceneLighting":false,"audioPlay":false,"sceneViewState":{"showFog":true,"showMaterialUpdate":false,"showSkybox":true,"showFlares":true,"showImageEffects":true,"showParticleSystems":true},"in2DMode":false,"pivot":{"x":-0.024934954941272737,"y":0.0010900944471359254,"z":0.04027746617794037},"rotation":{"x":-0.130123570561409,"y":-0.7043952941894531,"z":0.13352660834789277,"w":-0.6851246953010559},"size":0.920694887638092,"orthographic":false}