{"cameraMode":{"drawMode":0,"name":"Shaded","section":"Shading Mode"},"sceneLighting":false,"audioPlay":false,"sceneViewState":{"showFog":true,"showMaterialUpdate":false,"showSkybox":true,"showFlares":true,"showImageEffects":true,"showParticleSystems":true},"in2DMode":false,"pivot":{"x":0.32611846923828127,"y":0.07285475730895996,"z":-5.696865081787109},"rotation":{"x":0.06972982734441757,"y":0.6733492612838745,"z":-0.06403446942567826,"w":0.7332932353019714},"size":15.082791328430176,"orthographic":false}