{"cameraMode":{"drawMode":0,"name":"Shaded","section":"Shading Mode"},"sceneLighting":false,"audioPlay":false,"sceneViewState":{"showFog":true,"showMaterialUpdate":false,"showSkybox":true,"showFlares":true,"showImageEffects":true,"showParticleSystems":true},"in2DMode":false,"pivot":{"x":0.0244215726852417,"y":-0.0064560770988464359,"z":0.0606398768723011},"rotation":{"x":-0.005005525890737772,"y":-0.9947369694709778,"z":0.0885666161775589,"w":-0.054316964000463489},"size":0.660932719707489,"orthographic":false}