{"cameraMode":{"drawMode":0,"name":"Shaded","section":"Shading Mode"},"sceneLighting":false,"audioPlay":false,"sceneViewState":{"showFog":true,"showMaterialUpdate":false,"showSkybox":true,"showFlares":true,"showImageEffects":true,"showParticleSystems":true},"in2DMode":false,"pivot":{"x":-0.005209833383560181,"y":-0.09763646870851517,"z":-0.007693946361541748},"rotation":{"x":-0.11364942044019699,"y":-0.8869654536247253,"z":0.3204003572463989,"w":-0.3131600022315979},"size":0.7726296782493591,"orthographic":false}