{"cameraMode":{"drawMode":0,"name":"Shaded","section":"Shading Mode"},"sceneLighting":false,"audioPlay":false,"sceneViewState":{"showFog":true,"showMaterialUpdate":false,"showSkybox":true,"showFlares":true,"showImageEffects":true,"showParticleSystems":true},"in2DMode":false,"pivot":{"x":-0.1255965232849121,"y":2.365385055541992,"z":-0.43011945486068728},"rotation":{"x":0.006307799834758043,"y":0.024308141320943834,"z":-0.00013067851250525564,"w":0.9997557997703552},"size":4.935181617736816,"orthographic":false}