{"cameraMode":{"drawMode":0,"name":"Shaded","section":"Shading Mode"},"sceneLighting":false,"audioPlay":false,"sceneViewState":{"showFog":false,"showMaterialUpdate":false,"showSkybox":false,"showFlares":false,"showImageEffects":false,"showParticleSystems":false},"in2DMode":false,"pivot":{"x":-0.03420150279998779,"y":1.132822036743164,"z":-0.036955833435058597},"rotation":{"x":-0.0020770414266735317,"y":-0.9923804402351379,"z":0.015776868909597398,"w":-0.12487254291772843},"size":5.875781536102295,"orthographic":true}