{"cameraMode":{"drawMode":0,"name":"Shaded","section":"Shading Mode"},"sceneLighting":false,"audioPlay":false,"sceneViewState":{"showFog":true,"showMaterialUpdate":false,"showSkybox":false,"showFlares":true,"showImageEffects":true,"showParticleSystems":true},"in2DMode":false,"pivot":{"x":1.469552993774414,"y":-3.2273759841918947,"z":-19.565717697143556},"rotation":{"x":-0.18934643268585206,"y":0.21513137221336366,"z":-0.042559921741485599,"w":-0.9571103453636169},"size":43.01029586791992,"orthographic":false}