{"cameraMode":{"drawMode":0,"name":"Shaded","section":"Shading Mode"},"sceneLighting":false,"audioPlay":false,"sceneViewState":{"showFog":true,"showMaterialUpdate":false,"showSkybox":true,"showFlares":true,"showImageEffects":true,"showParticleSystems":true},"in2DMode":false,"pivot":{"x":-134.0362091064453,"y":1.3130431175231934,"z":-270.6866455078125},"rotation":{"x":-0.0007949977880343795,"y":0.9991766810417175,"z":-0.03329458832740784,"w":-0.023683704435825349},"size":4.70357608795166,"orthographic":false}